{
  "mascot": {
    "x": 630.359375,
    "y": 369.5,
    "w": 134,
    "h": 114
  },
  "cloud": {
    "x": 792.359375,
    "y": 374.5,
    "w": 300,
    "h": 110
  }
}
